{"noiseKey":{"private":{"type":"Buffer","data":"cAuUGUC6LQknxGG4VCKVZ9tKF21Wo5TCG4WSlG1HykM="},"public":{"type":"Buffer","data":"NBrkVj357/2Skojb5eScPoKhkzuJgYwcUseAqQpH41o="}},"pairingEphemeralKeyPair":{"private":{"type":"Buffer","data":"gHA48F7uI1uVxZnG9hb8XswsVw8uh3XVXREin/qT2ms="},"public":{"type":"Buffer","data":"22QMFGVyqBtmG1Jt1J0S0kdC56MoNLL8dQspo1CSnzc="}},"signedIdentityKey":{"private":{"type":"Buffer","data":"+MyM3BGLaZvGTkGyZZrfB4X/2zyMxHM3uxSE8ioZ5kA="},"public":{"type":"Buffer","data":"v1iJmQHEQ4Ken1lbe6DtxxnUOud7j85FVq34DdOnQlA="}},"signedPreKey":{"keyPair":{"private":{"type":"Buffer","data":"AMhVNNoNH4FKgS7L8QYPWFPn9drZDV9U/wrLoaAo8X0="},"public":{"type":"Buffer","data":"u4kdUeI0gQNgk7SK7GO5VeFClxft7ZkSglSxFrU4sQg="}},"signature":{"type":"Buffer","data":"/DnRkft0BwczFxb1rGucxMJCQD4UiKdxAUievEHlMBgOSHyxUHPDVf1D68sX1N49AI1aCw7gAf+r28h8C34ggw=="},"keyId":1},"registrationId":20,"advSecretKey":"LFqCiJeqx+x4Zl0w8cbGKBqgYMjocMbylh35mJSWUDA=","processedHistoryMessages":[{"key":{"remoteJid":"2349074563300@s.whatsapp.net","fromMe":true,"id":"BEB1F9D31666ABB7D846C35704BD8AA5"},"messageTimestamp":1721425927},{"key":{"remoteJid":"2349074563300@s.whatsapp.net","fromMe":true,"id":"741FAA3A9CC39369DFF8BE8D43838AED"},"messageTimestamp":1721425927},{"key":{"remoteJid":"2349074563300@s.whatsapp.net","fromMe":true,"id":"C193CD143B3454DB5A59E16203438678"},"messageTimestamp":1721425930},{"key":{"remoteJid":"2349074563300@s.whatsapp.net","fromMe":true,"id":"782E226F54E97AE072D3A119BB1911B2"},"messageTimestamp":1721425930}],"nextPreKeyId":31,"firstUnuploadedPreKeyId":31,"accountSyncCounter":1,"accountSettings":{"unarchiveChats":false},"deviceId":"nrgkmeeeTOm0zrvngzj-YQ","phoneId":"b45c922a-cffc-482f-9034-664d307cc7c5","identityId":{"type":"Buffer","data":"n3e8gLWWEj8Yw8YAnsIVLMhGzFA="},"registered":true,"backupToken":{"type":"Buffer","data":"ZYgoCFkkU3pjthV1UERrW32213E="},"registration":{},"pairingCode":"LG2YJ9PD","me":{"id":"2349074563300:5@s.whatsapp.net","name":"Pixieee","lid":"123721213816916:5@lid"},"account":{"details":"CLL2vNMBEILA67QGGAEgACgA","accountSignatureKey":"a/hnPLRCAGPHUzEphqfMCvBLLeNWCdDMJBGPGAnhH3w=","accountSignature":"aQc03Alf+1R6Quq0JTurKh9e7jryFk1U7emokSTTfVT8NB+eVatJnFolwGhDhP76JQmBeTuL1DPquX4LvBRECw==","deviceSignature":"srTkSOWnnrSWfRXSp/toABuhA8ORZIzvrrvkwy2u3YqbUEJFGT8sJZyzS3t/loSoKy7cRpShhYpCxfwnyszqig=="},"signalIdentities":[{"identifier":{"name":"2349074563300:5@s.whatsapp.net","deviceId":0},"identifierKey":{"type":"Buffer","data":"BWv4Zzy0QgBjx1MxKYanzArwSy3jVgnQzCQRjxgJ4R98"}}],"platform":"smba","lastAccountSyncTimestamp":1721425926,"myAppStateKeyId":"AAAAAI1a"}